"Timestamp","Username","Total score","نام، نام خانوادگی، شماره دانشجویی و ۳ رقم آخر کد ملی خود را به صورت زیر بنویسید
Name
Lastname
40021441054633
233","نام، نام خانوادگی، شماره دانشجویی و ۳ رقم آخر کد ملی خود را به صورت زیر بنویسید
Name
Lastname
40021441054633
233 [Score]","نام، نام خانوادگی، شماره دانشجویی و ۳ رقم آخر کد ملی خود را به صورت زیر بنویسید
Name
Lastname
40021441054633
233 [Feedback]"," کدام گزینه شامل عناصر اصلی پایگاه داده است؟"," کدام گزینه شامل عناصر اصلی پایگاه داده است؟ [Score]"," کدام گزینه شامل عناصر اصلی پایگاه داده است؟ [Feedback]","هدف اصلی از پردازش داده‌ها چیست؟","هدف اصلی از پردازش داده‌ها چیست؟ [Score]","هدف اصلی از پردازش داده‌ها چیست؟ [Feedback]","ویژگی ""سازگاری"" در تراکنش‌ها چه چیزی را تضمین می‌کند؟","ویژگی ""سازگاری"" در تراکنش‌ها چه چیزی را تضمین می‌کند؟ [Score]","ویژگی ""سازگاری"" در تراکنش‌ها چه چیزی را تضمین می‌کند؟ [Feedback]","دامنه در مدل رابطه‌ای به چه معناست؟","دامنه در مدل رابطه‌ای به چه معناست؟ [Score]","دامنه در مدل رابطه‌ای به چه معناست؟ [Feedback]","با توجه به جداول کوئری ای بنویسید که نام دانشگاه هایی که عرض جعرافیایی آنها کمتر از ۳۶ درجه است را نمایش دهد","با توجه به جداول کوئری ای بنویسید که نام دانشگاه هایی که عرض جعرافیایی آنها کمتر از ۳۶ درجه است را نمایش دهد [Score]","با توجه به جداول کوئری ای بنویسید که نام دانشگاه هایی که عرض جعرافیایی آنها کمتر از ۳۶ درجه است را نمایش دهد [Feedback]"
"2024/12/23 1:07:06 pm GMT+3:30","mosioc79@gmail.com","10.00 / 10","مهدی ملکی - 40021441054092 - سه رقم آخر کد ملی: 105","-- / 0","","سخت‌افزار، نرم‌افزار، داده، کاربر","2.00 / 2","","تبدیل داده‌های خام به اطلاعات مفید و قابل فهم","2.00 / 2","","انتقال پایگاه داده از یک حالت معتبر به حالت معتبر دیگر","2.00 / 2","","مجموعه‌ای از مقادیری که یک صفت خاصه می‌تواند به خود بگیرد.","2.00 / 2","","۲","2.00 / 2",""
"2024/12/23 1:09:13 pm GMT+3:30","ab.barin.sina@gmail.com","10.00 / 10","سینا 
آب برین
39921441054135
789","-- / 0","","سخت‌افزار، نرم‌افزار، داده، کاربر","2.00 / 2","","تبدیل داده‌های خام به اطلاعات مفید و قابل فهم","2.00 / 2","","انتقال پایگاه داده از یک حالت معتبر به حالت معتبر دیگر","2.00 / 2","","مجموعه‌ای از مقادیری که یک صفت خاصه می‌تواند به خود بگیرد.","2.00 / 2","","۲","2.00 / 2",""
"2024/12/23 5:06:16 pm GMT+3:30","mostafa.darmani@gmail.com","10.00 / 10","mostafa
darmani
39921441054046
974","-- / 0","","سخت‌افزار، نرم‌افزار، داده، کاربر","2.00 / 2","","تبدیل داده‌های خام به اطلاعات مفید و قابل فهم","2.00 / 2","","انتقال پایگاه داده از یک حالت معتبر به حالت معتبر دیگر","2.00 / 2","","مجموعه‌ای از مقادیری که یک صفت خاصه می‌تواند به خود بگیرد.","2.00 / 2","","۲","2.00 / 2",""
"2024/12/23 5:08:27 pm GMT+3:30","f.hasani376@gmail.com","10.00 / 10","فائزه
حسنی پژو
39921441054023
292","-- / 0","","سخت‌افزار، نرم‌افزار، داده، کاربر","2.00 / 2","","تبدیل داده‌های خام به اطلاعات مفید و قابل فهم","2.00 / 2","","انتقال پایگاه داده از یک حالت معتبر به حالت معتبر دیگر","2.00 / 2","","مجموعه‌ای از مقادیری که یک صفت خاصه می‌تواند به خود بگیرد.","2.00 / 2","","۲","2.00 / 2",""